{"BEL":0.19186278420422817,"FIN":0.16909620991253643,"FRA":0.24820551567812618,"DEU":0.26772247360482654,"IRL":0.08385093167701864,"ISR":0,"ITA":0.1549471064094586,"LUX":0.18923933209647495,"MLT":0,"MCO":0.11422413793103449,"NOR":0.1695108077360637,"PRT":0.07092783505154639,"ESP":0.09763313609467456,"SWE":0.11735662742119256,"CHE":0.20678513731825526,"NLD":0.1227217496962333,"TUR":0.10412262156448203,"GBR":0.085852930197835,"AUT":0.16332752613240417,"GRC":0.06440677966101695,"DNK":0.08068783068783068,"MAR":0.08620689655172414,"CYP":0,"ISL":0,"BIH":0.18362068965517242,"HRV":0.23499361430395913,"SVN":0.15644955300127714,"EST":0.15708812260536398,"HUN":0.13883847549909256,"LTU":0.19592476489028213,"POL":0.20186781609195403,"ROU":0.23563218390804597,"RUS":0.3238380809595202,"SVK":0.0812807881773399,"MKD":0.24958949096880131,"LVA":0.26959247648902823,"UKR":0.29022988505747127,"ALB":0.18582375478927204,"AND":0.2471264367816092,"BLR":0.3314176245210728,"SRB":0.33772819472616633,"BGR":0.26436781609195403,"MDA":0.2697768762677485,"ARM":0.09195402298850575,"CZE":0.041379310344827586,"GEO":0.31403940886699505,"MNE":0.28116710875331563,"AZE":0.20935960591133004,"SMR":0.09770114942528736,"AUS":0}