{"BEL":0.7727272727272727,"FIN":0.7121212121212122,"FRA":0.5767045454545454,"DEU":0.6237373737373737,"IRL":1.0227272727272727,"ITA":0.30303030303030304,"LUX":0.42424242424242425,"MCO":0.18181818181818182,"NOR":0.7272727272727273,"PRT":0.9545454545454546,"ESP":0.36818181818181817,"SWE":0.8295454545454546,"CHE":0.6590909090909091,"NLD":0.8181818181818182,"TUR":0.12215909090909091,"GBR":0.8181818181818182,"AUT":0.3691860465116279,"GRC":0.29069767441860467,"DNK":0.975609756097561,"MAR":0.008547008547008548,"BIH":0.32051282051282054,"HRV":0.43846153846153846,"SVN":0.6153846153846154,"EST":0.6,"HUN":0.4057142857142857,"LTU":0.43,"POL":0.46285714285714286,"ROU":0.448,"RUS":0.3342857142857143,"SVK":0.112,"MKD":0.41904761904761906,"LVA":0.6447368421052632,"UKR":0.5892857142857143,"ALB":0.44,"AND":0.4,"BLR":0.76,"SRB":0.48148148148148145,"BGR":0.6142857142857143,"MDA":1.0357142857142858,"ARM":0.46153846153846156,"CZE":0.4791666666666667,"GEO":0.7291666666666666,"MNE":0.4,"AZE":0.5636363636363636,"SMR":1}