{"BEL":2.7329545454545454,"FIN":3.0757575757575757,"FRA":1.8664772727272727,"DEU":1.792929292929293,"IRL":4.909090909090909,"ITA":0.9431818181818182,"LUX":1.5454545454545454,"MCO":1.2045454545454546,"NOR":3.3863636363636362,"PRT":3.909090909090909,"ESP":1.2,"SWE":3.5113636363636362,"CHE":2.327272727272727,"NLD":3.4431818181818183,"TUR":0.5596590909090909,"GBR":5.2272727272727275,"AUT":1.0901162790697674,"GRC":0.8837209302325582,"DNK":4.463414634146342,"MAR":0.042735042735042736,"BIH":2.730769230769231,"HRV":2.830769230769231,"SVN":2.355769230769231,"EST":4.92,"HUN":0.8742857142857143,"LTU":2.5,"POL":1.6057142857142856,"ROU":2.296,"RUS":1.2342857142857142,"SVK":0.264,"MKD":2.895238095238095,"LVA":4.526315789473684,"UKR":2.705357142857143,"ALB":2.5866666666666664,"AND":2.8666666666666667,"BLR":4.613333333333333,"SRB":2.466666666666667,"BGR":3.2857142857142856,"MDA":9.5,"ARM":1.5384615384615385,"CZE":0.5,"GEO":5.3125,"MNE":3.533333333333333,"AZE":3.090909090909091,"SMR":6.181818181818182}